population,n_responders,n_non_responders,median_responders,median_non_responders,mean_responders,mean_non_responders,mannwhitney_u,p_value,rank_biserial_effect_size,q_value_bh,significant_p05
cd4_t_cell,993,975,30.22056448672133,29.657607004517313,30.53780834185009,29.90226177625406,515276.0,0.013344218813937624,-0.06442740207090658,0.06672109406968812,True
b_cell,993,975,9.432277716506485,9.788394525529014,9.797552613770158,9.996319710875161,459971.0,0.055702309738266245,0.04981847290004393,0.1392557743456656,False
nk_cell,993,975,14.509281611587447,14.799142593764923,14.84094427086041,15.07316621464659,464546.0,0.1210507982042857,0.040367702119967985,0.20175133034047618,False
monocyte,993,975,19.60969754287689,19.942332781511407,19.941763178422633,20.084327940698326,466510.0,0.16315013268752876,0.03631058434683809,0.20393766585941095,False
cd8_t_cell,993,975,24.728022127013396,24.603067146867414,24.88193159509671,24.94392435752586,478176.0,0.6390858847346418,0.012211635293206236,0.6390858847346418,False
